Tiempo;Dif(amp);Dif(fase);GND;Dif_2(fase);Dif_2(amp);Dif_1(fase);Dif_1(amp);Volt_Bat
0.0;0.0;0.0;0.0;0.0;0.0;0.0;0.0;0.0
0.2908821105957031;-0.0001227544853463769;0.00036826348514296114;-4.131736568524502e-05;0.000768862257245928;0.0;0.0;0.0;0.0
0.6136178970336914;-0.00016287424659822136;-3.473053948255256e-05;1.6766467524576e-05;0.00020059880625922233;0.0;0.0;0.0;0.0
