Tiempo;Dif(amp);Dif(fase);GND;Dif_2(fase);Dif_2(amp);Dif_1(fase);Dif_1(amp);Volt_Bat
0.0;0.0;0.0;0.0;0.0;0.0;0.0;0.0;0.0
0.2944509983062744;0.18266047537326813;-0.22860538959503174;0.19266287982463837;0.1919335275888443;0.4375179708003998;0.02555389143526554;0.07277484983205795;0.0687083825469017
0.6170599460601807;0.035189222544431686;0.022470658645033836;0.055707186460494995;0.07069161534309387;0.056894611567258835;0.029316766187548637;0.07276227325201035;0.06872095912694931
0.9418919086456299;0.03503233566880226;0.022507185116410255;0.05568622797727585;0.0703526958823204;0.05671616643667221;0.02944491058588028;0.07277125865221024;0.06871676445007324
1.2636311054229736;0.03528682515025139;0.022678442299365997;0.055652692914009094;0.07021257281303406;0.05642275512218475;0.029420359060168266;0.07274491339921951;0.06872634589672089
1.586350917816162;0.035129938274621964;0.02274371311068535;0.055484432727098465;0.07042994350194931;0.05645089969038963;0.029508383944630623;0.07275988161563873;0.06870359182357788
1.909343957901001;0.03475269302725792;0.022657485678792;0.055676646530628204;0.0704047903418541;0.05654491111636162;0.02958323433995247;0.07276467233896255;0.06869281083345413
2.2327749729156494;0.03488263487815857;0.022657485678792;0.05566886067390442;0.0702754482626915;0.05658682808279991;0.029598204419016838;0.07275329530239105;0.06872095912694931
