Tiempo;Dif(amp);Dif(fase);GND;Dif_2(fase);Dif_2(amp);Dif_1(fase);Dif_1(amp);Volt_Bat
0.0;0.0;0.0;0.0;0.0;0.0;0.0;0.0;0.0
10.796625137329102;0.0;0.0;0.0;0.0;0.0;0.0;0.0007748503121547401;0.0
10.811468124389648;0.0;0.0;0.0;0.0;0.0;0.0001538922224426642;0.0;0.015949102118611336
12.537399291992188;0.0;0.0;0.0;0.0;0.0;0.0;1.6167665307875723e-05;0.014713772572577
57.32634353637695;0.0;0.0;0.0;0.0;0.0;0.0;0.0;0.0
