Tiempo;Dif(amp);Dif(fase);GND;Dif_2(fase);Dif_2(amp);Dif_1(fase);Dif_1(amp);Volt_Bat
0.0;0.0;0.0;0.0;0.0;0.0;0.0;0.0;0.0
0.012610912322998047;4.0119761251844466e-05;0.0;0.0;0.0018341317772865295;0.0;0.0;0.0;0.0
0.031845808029174805;0.0;0.0;0.0;0.0;0.0;1.3765844106674194;0.0;0.0
53.72707748413086;0.0;0.0;0.0;0.0;0.0;0.0023083831183612347;1.1377245755284093e-05;0.0
56.905155181884766;0.0;0.0;0.0;0.0;0.0;0.0;0.0;0.0
